m.0d0nch7	Cat Sperm Woman
m.0swhrw1	The Winning Strain
m.0rprp75	Climb
m.0gkslrr	My Grandmother's House
m.0gksjmg	Glass Tears
m.0cgzkzw	De niños
m.0c1nkhz	Surfacing
m.0c1njs4	Le ciel sur la tête
m.08lbqgs	The Boy Kumasenu
m.0tm5wp4	Rarg
m.0nds0k5	Paul Bunyan
m.0ncxcgh	Basil Hears a Noise
m.0jxcwny	And Let the Earth Tremble at Its Centres
m.0gks5gc	Christmas Eve
m.0g50wl8	Un dios que ya no ampara
m.07k59fy	Mighty Mouse in Gypsy Life
m.0nd0n7h	117
m.0gkrcz4	My Grandpa
m.08dd5dh	Lucky
m.0jvrp	The House in the Middle
m.0pdgw78	A Common Purpose
m.0w4bhss	Sanella
m.0nc5vq2	Wings as Eagles
m.0nc5_pz	Nicaragua: Finding Peace
m.0nbxd_6	Island Life: Macquarie Island
m.0ncm18k	The Nightlight
m.08lbqz_	For Better, for Worse
m.0tm5v3f	Clothes Animation
m.0svn7nc	I ragazzi della panaria
m.0sgcppw	Cultural Gems
m.0r8tk70	Arson: Fire for Hire
m.0nbv_9z	Two Thirds Sky: Artists in Desert Country
m.0jxclqx	Principe Azteca
m.0gkrm3g	In The Doghouse
m.0gkrd22	A Cold Summer
m.08lbrjq	The Cricket
m.064s_t2	Full Streams Ahead
m.064s_s2	Curvy Girls
m.0vp7crq	As Long as We Live
m.0j8klzt	The Seal of Love
m.0c1g41j	Teeth of the Wind
m.0gksdx2	The 8th Day
m.0j5dbhr	Almendron Mi Corazon
m.0tks2gz	Bryony Makes A Zombie Movie
m.0j504ry	Les Casse-pieds
m.06z0tm6	Art:21 - Art in the 21st Century
m.05v47h6	Coup D'État: The Week that Changed the World
m.0w4lnmy	Belafonte New York
m.0w4gsdr	The Power and the Glory
m.0w4gnpd	The River Nile
