m.0b65p36	The Lotus Eaters
m.0b664x1	Maria Chapdelaine
m.0b7rh51	Master Key
m.04y97fj	The Hoaxters
m.0cs0xw3	With Byrd at the South Pole
m.02x5q1n	Brooklyn Dodgers: The Ghosts of Flatbush
m.0crrfbr	Downtown Torpedoes
m.0crrm6v	To Be Number One
m.04yh4r0	A Queen Is Crowned
m.0c1ktt0	Damned the Day I Met You
m.04czxm	Chaudhvin Ka Chand
m.0b_vq_6	La Vie Fantôme
m.0b_vq8w	The American Trap
m.0c3hmk	Let's Get Lost
m.0b72llp	Le Banquet
m.0gg6dmy	Rising Moon
m.0b_x7wz	Moody Beach
m.0cg4h4j	Fat People
m.0g7mc1	Ocean Odyssey
m.07m0f2_	Roman's Holiday 2
m.0g59n_2	Mt. Tsurugidake
m.0c1d1_4	Ups & Downs
m.0cgglvk	Oviedo Express
m.0cg4k6b	Dragon Rapide
m.04j29x0	Punch
m.0gy2ll1	Saturday Night Live: 25 Years of Music Volume 1
m.0h3z4z	Yanni Live at the Acropolis
m.06w45n1	Think Tank
m.0vxwl9k	Battle of the Soul
m.0k1blv1	Across the Niger
m.04_0b7q	Small Wonders
m.0bh3tx9	Le survenant
m.0c1p50z	The Invisible Wall
m.0h7mmwr	The Detective Is in the Bar
m.0kvcn9	To the Shores of Iwo Jima
m.0c5lgt7	La febbre
m.0c1d42d	K2: Karmina 2
m.0kcbhj6	Vértigo
m.0cg4_k7	Bâton Rouge
m.0v_2gxz	Princess Tyra
m.0bs2qnp	Fort Apache Napoli
m.0gg4hl6	Run Baby Run
m.080lcgb	My Friend Max
m.0c1d4s9	Road To Saddle River
m.0c1dfvx	The Young Magician
m.0w1qjg5	Abeni
m.0g59hgx	Faeries
m.0c1jvvf	The King of Naples
m.0c20ns8	If by Chance
m.0b6650l	Suzanne
m.0d0nch7	Cat Sperm Woman
m.0swhrw1	The Winning Strain
m.0rprp75	Climb
m.0gkslrr	My Grandmother's House
m.0gksjmg	Glass Tears
m.0cgzkzw	De niños
m.0c1nkhz	Surfacing
m.0c1njs4	Le ciel sur la tête
m.08lbqgs	The Boy Kumasenu
m.0tm5wp4	Rarg
m.0nds0k5	Paul Bunyan
m.0ncxcgh	Basil Hears a Noise
m.0jxcwny	And Let the Earth Tremble at Its Centres
m.0gks5gc	Christmas Eve
m.0g50wl8	Un dios que ya no ampara
m.07k59fy	Mighty Mouse in Gypsy Life
m.0nd0n7h	117
m.0gkrcz4	My Grandpa
m.08dd5dh	Lucky
m.0jvrp	The House in the Middle
m.0pdgw78	A Common Purpose
m.0w4bhss	Sanella
m.0nc5vq2	Wings as Eagles
m.0nc5_pz	Nicaragua: Finding Peace
m.0nbxd_6	Island Life: Macquarie Island
m.0ncm18k	The Nightlight
m.08lbqz_	For Better, for Worse
m.0tm5v3f	Clothes Animation
m.0svn7nc	I ragazzi della panaria
m.0sgcppw	Cultural Gems
m.0r8tk70	Arson: Fire for Hire
m.0nbv_9z	Two Thirds Sky: Artists in Desert Country
m.0jxclqx	Principe Azteca
m.0gkrm3g	In The Doghouse
m.0gkrd22	A Cold Summer
m.08lbrjq	The Cricket
m.064s_t2	Full Streams Ahead
m.064s_s2	Curvy Girls
m.0vp7crq	As Long as We Live
m.0j8klzt	The Seal of Love
m.0c1g41j	Teeth of the Wind
m.0gksdx2	The 8th Day
m.0j5dbhr	Almendron Mi Corazon
m.0tks2gz	Bryony Makes A Zombie Movie
m.0j504ry	Les Casse-pieds
m.06z0tm6	Art:21 - Art in the 21st Century
m.05v47h6	Coup D'État: The Week that Changed the World
m.0w4lnmy	Belafonte New York
m.0w4gsdr	The Power and the Glory
m.0w4gnpd	The River Nile