m.04j29x0 Punch	m.0852vk Zack  Snyder
m.0c3hmk Let's Get Lost	m.02tjqk Bruce  Weber
m.08dd5dh Lucky	m.022_q8 Mike  Leigh
m.0c5lgt7 La febbre	m.0c1kz6z Alessandro  D'Alatri
m.0cgglvk Oviedo Express	m.02vlp4_ Gonzalo  Suárez
m.0nds0k5 Paul Bunyan	m.049dky Gary  Jones	
m.0nds0k5 Paul Bunyan	m.0n4v8mn Gary  Jones	
m.0nd0n7h 117	m.01n4j Chris  Morris
m.0cg4k6b Dragon Rapide	m.05sy94h Jaime  Camino
m.0kcbhj6 Vértigo	m.0j_c Alfred  Hitchcock
m.0gks5gc Christmas Eve	m.01vhb0 Anne  Heche
m.0w1qjg5 Abeni	m.0gdh0w2 Tunde  Kelani
m.0rprp75 Climb	m.08rk8z Bob  Swaim
m.0c1njs4 Le ciel sur la tête	m.0dkc7d Yves  Ciampi
m.0gkrd22 A Cold Summer	m.0c6bzf7 Paul  Middleditch
m.04czxm Chaudhvin Ka Chand	m.07l4kn Johnny  Walker
m.0h7mmwr The Detective Is in the Bar	m.0nd1dnq Hajime  Hashimoto
m.0tm5wp4 Rarg	m.0g_h_q6 Tony  Collingwood
m.0h3z4z Yanni Live at the Acropolis	m.0gcxrs6 George  Veras
m.04y97fj The Hoaxters	m.04w0wpc Herman  Hoffman
m.0j5dbhr Almendron Mi Corazon	m.03h8_g Steve-O Steve-O
m.0c1ktt0 Damned the Day I Met You	m.02rjfhl Carlo  Verdone
m.0bs2qnp Fort Apache Napoli	m.0jzt9y Alberto  Negrin
m.0c20ns8 If by Chance	m.0c1kz6z Alessandro  D'Alatri
m.0j504ry Les Casse-pieds	m.05b4vyx Nicole  Védrès
m.0j8klzt The Seal of Love	m.043rllj Huo  Jianqi
