m.0b664x1 Maria Chapdelaine	Louis Hémon	
m.0w4gsdr The Power and the Glory	William K. Howard	
m.0gg4hl6 Run Baby Run	Nicky Cruz	
m.04_0b7q Small Wonders	Allan Miller	
m.0b6650l Suzanne	Suzanne Marks	
m.0b7rh51 Master Key	Kevin Flynn	
m.0b65p36 The Lotus Eaters	Tatjana Soli	
m.0c1nkhz Surfacing	Margaret Atwood	
m.0c1p50z The Invisible Wall	Harry Bernstein	
m.0g59hgx Faeries	Brian Froud	
m.08lbqz_ For Better, for Worse	Cecil B. DeMille	
m.0g7mc1 Ocean Odyssey	Feodor Pitcairn	
m.06w45n1 Think Tank	Matt Hawkins	
m.0b72llp Le Banquet	Platon	
m.08lbrjq The Cricket	Stefano Lorenzi	
m.0cg4_k7 Bâton Rouge	Rafael Moleón	
m.0gg6dmy Rising Moon	Lori Handeland	
m.0swhrw1 The Winning Strain	Leslie Winik	
m.0crrfbr Downtown Torpedoes	Teddy Chen	
m.0cs0xw3 With Byrd at the South Pole	Joseph Rucker	
m.07k59fy Mighty Mouse in Gypsy Life	Rasinski	
m.0pdgw78 A Common Purpose	Mitzi Goldman	
m.0c1g41j Teeth of the Wind	Charlotte Boyett-Compo	
m.064s_s2 Curvy Girls	Rachel Kramer Bussel	
m.0c1d1_4 Ups & Downs	Richa Singh Thakuri	
m.0g59n_2 Mt. Tsurugidake	Daisaku Kimura	
m.08lbqgs The Boy Kumasenu	Sean Graham	
m.0gkrcz4 My Grandpa	Alison Reynolds	
m.0gksdx2 The 8th Day	Kayden Kross	
m.0bh3tx9 Le survenant	Erik Canuel	
m.0cg4h4j Fat People	Jimmy Smith	
m.0gkrm3g In The Doghouse	James Burrows With Dan Butler	
m.0gkrm3g In The Doghouse	Carly Simon	
m.0nbv_9z Two Thirds Sky: Artists in Desert Country	Sean O	
m.0g50wl8 Un dios que ya no ampara	Gaizka Urresti Guión	
m.0nc5vq2 Wings as Eagles	Benjamin Harlan Publisher	
m.0kvcn9 To the Shores of Iwo Jima	Gene Fowler Jr	
m.0jvrp The House in the Middle	Kelly Chisholm	
m.0k1blv1 Across the Niger	Ijukwu	Sitanda	
m.04yh4r0 A Queen Is Crowned	Darryl F. Zanuck	
m.0c1dfvx The Young Magician	Yuri Narushima	
m.0b_vq8w The American Trap	Charles Biname	
m.0v_2gxz Princess Tyra	Van Vicker	Van	
m.0w4gnpd The River Nile	Rachael Ramsey	
m.0crrm6v To Be Number One	Ng Man Tat	
m.0gksjmg Glass Tears	Barbara Wong	
m.0b_x7wz Moody Beach	Michel	
