m.08dd5dh Lucky	m.022_q8 Mike  Leigh
m.0nds0k5 Paul Bunyan	m.049dky Gary  Jones	
m.0nds0k5 Paul Bunyan	m.0n4v8mn Gary  Jones
m.0nd0n7h 117	m.01n4j Chris  Morris
m.0gks5gc Christmas Eve	m.01vhb0 Anne  Heche
m.0rprp75 Climb	m.08rk8z Bob  Swaim
m.0c1njs4 Le ciel sur la tête	m.0dkc7d Yves  Ciampi
m.0gkrd22 A Cold Summer	m.0c6bzf7 Paul  Middleditch
m.0tm5wp4 Rarg	m.0g_h_q6 Tony  Collingwood
m.0j5dbhr Almendron Mi Corazon	m.03h8_g Steve-O Steve-O
m.0j504ry Les Casse-pieds	m.05b4vyx Nicole  Védrès
m.0j8klzt The Seal of Love	m.043rllj Huo  Jianqi
